href,nom,photo,bloc,groupe_id,liste,region,sexe,age,profession,siege
"/2014/elus/Imed_Ouled_Jebril","عماد أولاد جبريل","/2014/uploads/images/Imed_Ouled Jebril.thumb50.png","حركة نداء تونس","Mouvement_Nidaa_Tounes","حركة نداء تونس","المهدية","رجال","35","أستاذ تعليم ثانوي","192"
"/2014/elus/Leila_Ouled_Ali","ليلى أولاد علي","/2014/uploads/images/Leila_Ouled Ali.thumb50.png","الكتلة الوطنية","Bloc_National","حركة نداء تونس","تونس 1","نساء","53","إطار سامي بالوظيفة العمومية","198"
"/2014/elus/Monia_Brahim","منية ابراهيم","/2014/uploads/images/Monia_Brahim.thumb50.png","حركة النهضة","Mouvement_Ennahdha","حركة النهضة","سوسة","نساء","51","طالب","236"
"/2014/elus/Zohra_Idriss","الزهرة ادريس","/2014/uploads/images/Zohra_Idriss.thumb50.png","حركة نداء تونس","Mouvement_Nidaa_Tounes","حركة نداء تونس","سوسة","نساء","58","مدير مؤسسة","64"
"/2014/elus/Zied_Lakhdhar","زياد الأخضر","/2014/uploads/images/Zied_Lakhdhar.thumb50.png","الجبهة الشعبية","Front_Populaire","الجبهة الشعبية","بن عروس","رجال","55","أستاذ تعليم ثانوي","42"
"/2014/elus/Dalila_Babba","دليلة الببة","/2014/uploads/images/Dalila_Babba.thumb50.png","حركة النهضة","Mouvement_Ennahdha","حركة النهضة","فرنسا 2","نساء","51","غير مصنف","132"
"/2014/elus/Noureddine_Bhiri","نور الدين البحيري","/2014/uploads/images/Noureddine_Bhiri.thumb50.png","حركة النهضة","Mouvement_Ennahdha","حركة النهضة","بن عروس","رجال","59","محامي","5"
"/2014/elus/Mohamed_Ali_Bedoui","محمد علي البدوي","/2014/uploads/images/Mohamed Ali_Bedoui.thumb50.png","حركة النهضة","Mouvement_Ennahdha","حركة النهضة","قبلي","رجال","65","متقاعد","232"
"/2014/elus/Salah_Bargaoui","صـلاح البرقاوي","/2014/uploads/images/Salah_Bargaoui.thumb50.png","كتلة الحرّة لحركة مشروع تونس","Bloc_Al_Horra_du_Mouvement_Machrouu_Tounes","حركة نداء تونس","سليانة","رجال","58","محامي","153"
"/2014/elus/Walid_Banneni","الوليد البناني","/2014/uploads/images/Walid_Banneni.thumb50.png","حركة النهضة","Mouvement_Ennahdha","حركة النهضة","القصرين","رجال","60","موظف بالقطاع الخاص","62"
"/2014/elus/Souad_Bayouli","سعاد البيولي","/2014/uploads/images/bayouli souad.thumb50.png","الجبهة الشعبية","Front_Populaire","الجبهة الشعبية","صفاقس 2","نساء","52","أستاذ تعليم ثانوي","73"
"/2014/elus/Karima_Taggaz","كريمة  التقاز","/2014/uploads/images/photo_1.thumb50.png","حركة النهضة","Mouvement_Ennahdha","حركة النهضة","فرنسا 1","نساء","34","","33"
"/2014/elus/Radhia_Toumi","راضيه التومي","/2014/uploads/images/Radhia_Toumi.thumb50.png","حركة النهضة","Mouvement_Ennahdha","حركة النهضة","قابس","نساء","35","طبيب","133"
"/2014/elus/Rim_Thairi","ريم الثايري","/2014/uploads/images/Rim_Thairi.thumb50.png","الكتلة الديمقراطية","Bloc_Démocrate","تيار المحبة","القيروان","نساء","36","طالب","164"
"/2014/elus/Basma_Jebali","بسمة الجبالي","/2014/uploads/images/Basma_Jebali.thumb50.png","حركة النهضة","Mouvement_Ennahdha","حركة النهضة","مدنين","نساء","41","غير مصنف","96"
"/2014/elus/Walid_Jalled","وليد الجلاد","/2014/uploads/images/Walid_Jalled.thumb50.png","الكتلة الوطنية","Bloc_National","حركة نداء تونس","نابل 2","رجال","40","موظف بالقطاع الخاص","284"
"/2014/elus/Naoufel_Jammali","نوفل الجمالي","/2014/uploads/images/Naoufel_Jammali.thumb50.png","حركة النهضة","Mouvement_Ennahdha","حركة النهضة","سيدي بوزيد","رجال","41","أستاذ جامعي","238"
"/2014/elus/Neji_Jmal","ناجي الجمل","/2014/uploads/images/Neji_Jmal.thumb50.png","حركة النهضة","Mouvement_Ennahdha","حركة النهضة","فرنسا 2","رجال","51","موظف بالقطاع الخاص","237"
"/2014/elus/Taoufik_Jemli","توفيق الجملي","/2014/uploads/images/jemli taoufik.thumb50.png","الإتحاد الوطني الحر","Union_Patriotique_Libre","الإتحاد الوطني الحر","بن عروس","رجال","47","معلّم تعليم أساسي","43"
"/2014/elus/Olfa_Jouini","ألفة الجويني","/2014/uploads/images/olfa jouini.thumb50.png","الإتحاد الوطني الحر","Union_Patriotique_Libre","الإتحاد الوطني الحر","تونس 1","نساء","0","مدير مؤسسة","76"
"/2014/elus/Jamila_Jouini","جميلة الجويني","/2014/uploads/images/Jamila_Jouini.thumb50.png","حركة النهضة","Mouvement_Ennahdha","حركة النهضة","تطاوين","نساء","49","أستاذ تعليم ثانوي","97"
"/2014/elus/Youssef_Jouini","يوسف الجويني","/2014/uploads/images/jouini youssef.thumb50.png","حركة نداء تونس","Mouvement_Nidaa_Tounes","الإتحاد الوطني الحر","أريانة","رجال","54","موظف عمومي","260"
"/2014/elus/Hela_Hammi","هالة الحامي","/2014/uploads/images/Hela_Hammi.thumb50.png","حركة النهضة","Mouvement_Ennahdha","حركة النهضة","بن عروس","نساء","52"," إطار سامي بالقطاع البنكي","275"
"/2014/elus/Latifa_Habachi","لطيفة الحباشي","/2014/uploads/images/Latifa_Habachi.thumb50.png","حركة النهضة","Mouvement_Ennahdha","حركة النهضة","منوبة","نساء","45","محامي","186"
"/2014/elus/Mabrouk_Hrizi","مبروك الحريزي","/2014/uploads/images/Mabrouk_Hrizi.thumb50.png","الكتلة الديمقراطية","Bloc_Démocrate","المؤتمر من أجل الجمهورية","القصرين","رجال","41","غير مصنف","218"
"/2014/elus/Ons_Hattab","أنس الحطاب","/2014/uploads/images/hattab ons.thumb50.png","حركة نداء تونس","Mouvement_Nidaa_Tounes","حركة نداء تونس","القيروان","نساء","40","أستاذ جامعي","69"
"/2014/elus/Mounir_Hamdi","منير الحمدي","/2014/uploads/images/Mounir_Hamdi.thumb50.png","حركة نداء تونس","Mouvement_Nidaa_Tounes","حركة نداء تونس","باجة","رجال","50","محامي","245"
"/2014/elus/Leila_Hamrouni","ليلى الحمروني","/2014/uploads/images/Leila_Hamrouni.thumb50.png","الكتلة الوطنية","Bloc_National","حركة نداء تونس","أريانة","نساء","56","باحث جامعي","202"
"/2014/elus/Hmed_Khaskhoussi","حمد الخصخوصي","/2014/uploads/images/Hmed_Khaskhoussi.thumb50.png","غير المنتمين","Aucun_bloc","حركة الديمقراطيين الإجتماعيين","سيدي بوزيد","رجال","69","أستاذ جامعي","120"
"/2014/elus/Bechir_Khelifi","البشير الخليفي","/2014/uploads/images/Bechir_Khelifi.thumb50.png","حركة النهضة","Mouvement_Ennahdha","حركة النهضة","تطاوين","رجال","42","محامي","8"
"/2014/elus/Imed_Khemiri","عماد الخميري","/2014/uploads/images/Imed_Khemiri.thumb50.png","حركة النهضة","Mouvement_Ennahdha","حركة النهضة","منوبة","رجال","52","إطار سامي بالقطاع الخاص","181"
"/2014/elus/Imed_Daimi","عماد الدائمي","/2014/uploads/images/Imed_Daimi.thumb50.png","الكتلة الديمقراطية","Bloc_Démocrate","المؤتمر من أجل الجمهورية","مدنين","رجال","47","مهندس","217"
"/2014/elus/Sabri_Dekhil","صبري الدخيل","/2014/uploads/images/dekhil sabri.thumb50.png","الكتلة الديمقراطية","Bloc_Démocrate","المؤتمر من أجل الجمهورية","قابس","رجال","50","طبيب","216"
"/2014/elus/Lamia_Dridi","لمياء  الدريدي","/2014/uploads/images/lamia dridi.thumb50.png","حركة نداء تونس","Mouvement_Nidaa_Tounes","التحالف الديمقراطي","بنزرت","نساء","49","","79"
"/2014/elus/Mohamed_Rachdi_Bouguerra","محمد الراشدي بوقرة","/2014/uploads/images/Rachdi Bouguerra.thumb50.png","حركة نداء تونس","Mouvement_Nidaa_Tounes","حركة نداء تونس","القصرين","رجال","68","متقاعد","251"
"/2014/elus/Zouhair_Rejbi","الزهير الرجبي","/2014/uploads/images/Zouheir_Rajbi.thumb50.png","حركة النهضة","Mouvement_Ennahdha","حركة النهضة","سليانة","رجال","58","إطار بالوظيفة العمومية","32"
"/2014/elus/Mongi_Rahoui","منجي الرحوي","/2014/uploads/images/rahoui mongi.thumb50.png","الجبهة الشعبية","Front_Populaire","الجبهة الشعبية","جندوبة","رجال","53"," إطار سامي بالقطاع البنكي","205"
"/2014/elus/Leila_Zahaf","ليلى الزحاف","/2014/uploads/images/Leila_Zahaf.thumb50.png","كتلة الحرّة لحركة مشروع تونس","Bloc_Al_Horra_du_Mouvement_Machrouu_Tounes","حركة نداء تونس","زغوان","نساء","58","أستاذ جامعي","203"
"/2014/elus/Yamina_Zoghlami","يمينة الزغلامي","/2014/uploads/images/Yamina_Zoghlami.thumb50.png","حركة النهضة","Mouvement_Ennahdha","حركة النهضة","تونس 1","نساء","47","أستاذ تعليم ثانوي","277"
"/2014/elus/Ridha_Zghondi","رضا الزغندي","/2014/uploads/images/zghondi ridha.thumb50.png","حركة نداء تونس","Mouvement_Nidaa_Tounes","الإتحاد الوطني الحر","زغوان","رجال","55","محامي","257"
"/2014/elus/Hafedh_Zouari","حافظ الزواري","/2014/uploads/images/zouari hafedh.thumb50.png","آفاق تونس ونداء التونسيين بالخارج","Afek_Tounes_et_lappel_des_tunisiens_à_létranger","آفاق تونس","سوسة","رجال","54","مدير مؤسسة","45"
"/2014/elus/Souad_Zaouali","سعاد الزوالي","/2014/uploads/images/Souad_Zaouali.thumb50.png","غير المنتمين","Aucun_bloc","حركة نداء تونس","المهدية","نساء","61","إطار سامي بالوظيفة العمومية","142"
"/2014/elus/Ahmed_Saidi","أحمد السعيدي","/2014/uploads/images/saidi ahmed.thumb50.png","حركة نداء تونس","Mouvement_Nidaa_Tounes","حزب المبادرة","سوسة","رجال","64","طبيب","119"
"/2014/elus/Olfa_Soukri","ألفة السكري","/2014/uploads/images/Olfa_Sokri.thumb50.png","غير المنتمين","Aucun_bloc","حركة نداء تونس","بن عروس","نساء","41","أستاذ جامعي","270"
"/2014/elus/Moncef_Sellami","المنصف السلامي","/2014/uploads/images/Moncef_Sellami.thumb50.png","حركة نداء تونس","Mouvement_Nidaa_Tounes","حركة نداء تونس","صفاقس 2","رجال","79","مدير مؤسسة","68"
"/2014/elus/Abderraouf_Chebbi","عبد الرؤوف الشابي","/2014/uploads/images/Abderraouf Chebbi.thumb50.png","الإتحاد الوطني الحر","Union_Patriotique_Libre","الإتحاد الوطني الحر","توزر","رجال","38","متقاعد","115"
"/2014/elus/Leila_%D9%90Chettaoui_Bougatef","ليلى الشتاوي بوقطف","/2014/uploads/images/Leila_Bougatef.thumb50.png","كتلة الحرّة لحركة مشروع تونس","Bloc_Al_Horra_du_Mouvement_Machrouu_Tounes","حركة نداء تونس","تونس 2","نساء","50","إطار سامي بالقطاع الخاص","199"
"/2014/elus/Abderraouf_Cherif","عبد الرؤوف الشريف","/2014/uploads/images/Abderraouf_Cherif.thumb50.png","كتلة الحرّة لحركة مشروع تونس","Bloc_Al_Horra_du_Mouvement_Machrouu_Tounes","حركة نداء تونس","توزر","رجال","65","طبيب","12"
"/2014/elus/Naceur_Channoufi","الناصر الشنوفي","/2014/uploads/images/channoufi naceur.thumb50.png","كتلة الحرّة لحركة مشروع تونس","Bloc_Al_Horra_du_Mouvement_Machrouu_Tounes","حزب المبادرة","زغوان","رجال","50","معلّم تعليم أساسي","80"
"/2014/elus/Ghazi_Chaouachi","غازي الشواشي","/2014/uploads/images/Ghazi_Chaouachi.thumb50.png","الكتلة الديمقراطية","Bloc_Démocrate","التيار الديمقراطي","بن عروس","رجال","54","محامي","213"
"/2014/elus/Sana_Salhi","سناء الصالحي","/2014/uploads/images/Sana_Salhi.thumb50.png","حركة نداء تونس","Mouvement_Nidaa_Tounes","حركة نداء تونس","سليانة","نساء","30","أستاذ تعليم ثانوي","145"
"/2014/elus/Ahmed_Seddik","أحمد الصديق","/2014/uploads/images/seddik ahmed.thumb50.png","الجبهة الشعبية","Front_Populaire","الجبهة الشعبية","تونس 1","رجال","53","محامي","14"
"/2014/elus/Oussama_Al_Sghaier","أسامة علية الصغير","/2014/uploads/images/Oussama_Al Saghir.thumb50.png","حركة النهضة","Mouvement_Ennahdha","حركة النهضة","إيطاليا","رجال","34","ممثل جمعياتي","93"
"/2014/elus/Mohamed_Troudi","محمد الطرودي","/2014/uploads/images/Mohamed_Troudi.thumb50.png","كتلة الحرّة لحركة مشروع تونس","Bloc_Al_Horra_du_Mouvement_Machrouu_Tounes","حركة نداء تونس","بن عروس","رجال","45","موظف بالقطاع الخاص","204"
"/2014/elus/Noura_Amri","نورة العامري","/2014/uploads/images/noura_amri.thumb50.png","حركة نداء تونس","Mouvement_Nidaa_Tounes","حركة نداء تونس","سوسة","نساء","0","","249"
"/2014/elus/Meherzia_Laabidi","محرزية العبيدي","/2014/uploads/images/Meherzia_Laabidi.thumb50.png","حركة النهضة","Mouvement_Ennahdha","حركة النهضة","نابل 2","نساء","53","مترجمة","224"
"/2014/elus/Mohamed_Lakhdhar_Lajili","محمد الأخضر العجيلي","/2014/uploads/images/Mohamed Lakhdhar_Lajili.thumb50.png","حركة النهضة","Mouvement_Ennahdha","حركة النهضة","توزر","رجال","53","أستاذ تعليم ثانوي","225"
"/2014/elus/Mohamed_Anouar_Adhar","محمد أنور العذار","/2014/uploads/images/adhar mohamed anouar.thumb50.png","آفاق تونس ونداء التونسيين بالخارج","Afek_Tounes_et_lappel_des_tunisiens_à_létranger","آفاق تونس","صفاقس 2","رجال","59","مهندس","161"
"/2014/elus/Heger_Laaroussi","هاجر العروسي","/2014/uploads/images/Heger_Laaroussi.thumb50.png","كتلة الحرّة لحركة مشروع تونس","Bloc_Al_Horra_du_Mouvement_Machrouu_Tounes","حركة نداء تونس","صفاقس 2","نساء","49","محامي","13"
"/2014/elus/Ameur_Laraiedh","عامر العريض","/2014/uploads/images/Ameur_Laraiedh.thumb50.png","حركة النهضة","Mouvement_Ennahdha","حركة النهضة","مدنين","رجال","52","أستاذ جامعي","178"
"/2014/elus/Ali_Laraiedh","علي العريض","/2014/uploads/images/Ali_Laraiedh.thumb50.png","حركة النهضة","Mouvement_Ennahdha","حركة النهضة","تونس 1","رجال","62","مهندس","180"
"/2014/elus/Noomane_El_Euch","نعمان العش","/2014/uploads/images/noomane el euch.thumb50.png","الكتلة الديمقراطية","Bloc_Démocrate","التيار الديمقراطي","صفاقس 1","رجال","50","مدير مؤسسة","214"
"/2014/elus/Souhail_Alouini","سهيل العلويني","/2014/uploads/images/Souhail_Alouini.thumb50.png","كتلة الحرّة لحركة مشروع تونس","Bloc_Al_Horra_du_Mouvement_Machrouu_Tounes","حركة نداء تونس","القيروان","رجال","60","طبيب","152"
"/2014/elus/Hssan_Amri","حسن العمري","/2014/uploads/images/Hssan_Amri.thumb50.png","حركة نداء تونس","Mouvement_Nidaa_Tounes","حركة نداء تونس","أريانة","رجال","40","تاجر","104"
"/2014/elus/Chafik_Ayadi","شفيق العيادي","/2014/uploads/images/Chafik_Ayadi.thumb50.png","الجبهة الشعبية","Front_Populaire","الجبهة الشعبية","صفاقس 1","رجال","61","أستاذ تعليم ثانوي","74"
"/2014/elus/Fathi_Ayadi","فتحي العيادي","/2014/uploads/images/Fathi_Ayadi.thumb50.png","حركة النهضة","Mouvement_Ennahdha","حركة النهضة","صفاقس 1","رجال","53","أستاذ تعليم ثانوي","182"
"/2014/elus/Sabrine_Goubantini","صبرين الغبنتني","/2014/uploads/images/Goubantini.thumb50.png","الكتلة الوطنية","Bloc_National","حركة نداء تونس","أريانة","نساء","29","خبير محاسب","271"
"/2014/elus/Lamia_Gharbi","لمياء الغربي","/2014/uploads/images/lamia gharbi.thumb50.png","حركة نداء تونس","Mouvement_Nidaa_Tounes","حركة نداء تونس","نابل 1","نساء","0","","196"
"/2014/elus/Mohamed_Frikha","محمد الفريخة","/2014/uploads/images/Mohamed_Frikha.thumb50.png","حركة النهضة","Mouvement_Ennahdha","حركة النهضة","صفاقس 2","رجال","53","إطار سامي بالقطاع الخاص","226"
"/2014/elus/Sami_Fetnassi","سامي الفطناسي","/2014/uploads/images/Sami_Fetnassi.thumb50.png","حركة النهضة","Mouvement_Ennahdha","حركة النهضة","باجة","رجال","53","إطار سامي بالقطاع الخاص","136"
"/2014/elus/Soulef_Ksantini","سلاف القسنطيني","/2014/uploads/images/Soulef_Ksantini.thumb50.png","حركة النهضة","Mouvement_Ennahdha","حركة النهضة","صفاقس 1","نساء","48","أستاذ تعليم ثانوي","137"
"/2014/elus/Abdelaziz_Kotti","عبد العزيز القطي","/2014/uploads/images/Abdelaziz_Kotti.thumb50.png","غير المنتمين","Aucun_bloc","حركة نداء تونس","أريانة","رجال","47","غير مصنف","148"
"/2014/elus/Abada_Kefi","عبادة الكافي","/2014/uploads/images/Abada_Kefi.thumb50.png","كتلة الحرّة لحركة مشروع تونس","Bloc_Al_Horra_du_Mouvement_Machrouu_Tounes","حركة نداء تونس","الكاف","رجال","67","محامي","154"
"/2014/elus/Bechir_Ellazzem","البشير اللزام","/2014/uploads/images/Bechir_Ellazzem.thumb50.png","حركة النهضة","Mouvement_Ennahdha","حركة النهضة","بنزرت","رجال","57","طبيب","29"
"/2014/elus/Issam_Matoussi","عصام الماطوسي","/2014/uploads/images/Issam_Matoussi.thumb50.png","كتلة الحرّة لحركة مشروع تونس","Bloc_Al_Horra_du_Mouvement_Machrouu_Tounes","حركة نداء تونس","باجة","رجال","39","أستاذ جامعي","190"
"/2014/elus/Abderraouf_El_May","عبد الرؤوف الماي","/2014/uploads/images/El May.thumb50.png","غير المنتمين","Aucun_bloc","حركة نداء تونس","العالم العربي وبقية دول العالم","رجال","58","إطار سامي بالقطاع الخاص","200"
"/2014/elus/Mohamed_Mahjoub","محمد المحجوب","/2014/uploads/images/Mohamed_Mahjoub.thumb50.png","حركة النهضة","Mouvement_Ennahdha","حركة النهضة","بن عروس","رجال","61","طبيب","227"
"/2014/elus/Taieb_Medni","الطيب المدني","/2014/uploads/images/Taieb_Medni.thumb50.png","حركة نداء تونس","Mouvement_Nidaa_Tounes","حركة نداء تونس","تطاوين","رجال","51","محامي","66"
"/2014/elus/Maher_Madhioub","ماهر المذيوب","/2014/uploads/images/Maher_Madhioub.thumb50.png","حركة النهضة","Mouvement_Ennahdha","حركة النهضة","العالم العربي وبقية دول العالم","رجال","53","صحافي","188"
"/2014/elus/Noureddine_Mrabti","نورالدين المرابطي","/2014/uploads/images/mrabti noureddine.thumb50.png","الإتحاد الوطني الحر","Union_Patriotique_Libre","الإتحاد الوطني الحر","سليانة","رجال","43","غير مصنف","211"
"/2014/elus/Fatma_Mseddi","فاطمة المسدي","/2014/uploads/images/Fatma_Mseddi.thumb50.png","حركة نداء تونس","Mouvement_Nidaa_Tounes","حركة نداء تونس","صفاقس 2","نساء","37","باحث جامعي","201"
"/2014/elus/Zouhair_Maghzaoui","زهير المغزاوي","/2014/uploads/images/Zouhair Maghzaoui.thumb50.png","الكتلة الديمقراطية","Bloc_Démocrate","حركة الشعب","قبلي","رجال","52","أستاذ تعليم ثانوي","266"
"/2014/elus/Abdellatif_Mekki","عبد اللطيف المكّي","/2014/uploads/images/Abdellatif_Mekki.thumb50.png","حركة النهضة","Mouvement_Ennahdha","حركة النهضة","الكاف","رجال","55","طبيب","179"
"/2014/elus/Lamia_Mlayah","لمياء المليح","/2014/uploads/images/Lamia_Mlayah.thumb50.png","حركة نداء تونس","Mouvement_Nidaa_Tounes","حركة نداء تونس","القارة الأمريكية وبقية الدول الأوروبية","نساء","38","باحث جامعي","197"
"/2014/elus/Lotfi_Nabli","لطفي النابلي","/2014/uploads/images/Lotfi_Nabli.thumb50.png","حركة نداء تونس","Mouvement_Nidaa_Tounes","حركة نداء تونس","المنستير","رجال","60","أستاذ جامعي","195"
"/2014/elus/Mohamed_Ennaceur","محمد الناصر","/2014/uploads/images/Mohamed_Ennaceur.thumb50.png","حركة نداء تونس","Mouvement_Nidaa_Tounes","حركة نداء تونس","المهدية","رجال","83","محامي","293"
"/2014/elus/Karim_Helali","كريم الهلالي","/2014/uploads/images/helali karim.thumb50.png","آفاق تونس ونداء التونسيين بالخارج","Afek_Tounes_et_lappel_des_tunisiens_à_létranger","آفاق تونس","أريانة","رجال","47","قاضي","44"
"/2014/elus/Jilani_Hammami","الجيلاني الهمامي","/2014/uploads/images/hammami jilani.thumb50.png","الجبهة الشعبية","Front_Populaire","الجبهة الشعبية","سليانة","رجال","60","موظف بالقطاع الخاص","15"
"/2014/elus/Abdelouahab_Ouerfelli","عبد الوهاب الورفلي","/2014/uploads/images/ouerfelli.thumb50.png","غير المنتمين","Aucun_bloc","الحزب الجمهوري","سليانة","رجال","0","","118"
"/2014/elus/Lajmi_Lourimi","العجمي الوريمي","/2014/uploads/images/Lajmi_Lourimi.thumb50.png","حركة النهضة","Mouvement_Ennahdha","حركة النهضة","سوسة","رجال","55","أستاذ تعليم ثانوي","58"
"/2014/elus/Leila_Oueslati","ليلى الوسلاتي","/2014/uploads/images/Leila_Oueslati.thumb50.png","حركة النهضة","Mouvement_Ennahdha","حركة النهضة","المهدية","نساء","53","أستاذ تعليم ثانوي","187"
"/2014/elus/Hssine_Yahyaoui","الحسين اليحياوي","/2014/uploads/images/Hssine_Yahyaoui.thumb50.png","حركة النهضة","Mouvement_Ennahdha","حركة النهضة","تطاوين","رجال","63","إطار سامي بالوظيفة العمومية","99"
"/2014/elus/Ali_Belakhoua","علي بالاخوة","/2014/uploads/images/Ali_Belakhoua.thumb50.png","الإتحاد الوطني الحر","Union_Patriotique_Libre","الإتحاد الوطني الحر","بنزرت","رجال","54","موظف بالقطاع الخاص","258"
"/2014/elus/Heger_Ben_Cheikh_Ahmed","هاجر بالشيخ أحمد","/2014/uploads/images/hager ben cheikh ahmed_1.thumb50.png","آفاق تونس ونداء التونسيين بالخارج","Afek_Tounes_et_lappel_des_tunisiens_à_létranger","آفاق تونس","تونس 2","نساء","0","","77"
"/2014/elus/Lakhdhar_Belhouchat","لخضر بالهوشات","/2014/uploads/images/Lakhdhar_Belhouchat.thumb50.png","حركة النهضة","Mouvement_Ennahdha","حركة النهضة","مدنين","رجال","53","معلّم تعليم أساسي","185"
"/2014/elus/Chakib_Bani","شكيب باني","/2014/uploads/images/bani chakib.thumb50.png","حركة نداء تونس","Mouvement_Nidaa_Tounes","حركة نداء تونس","نابل 1","رجال","34","أستاذ جامعي","147"
"/2014/elus/Kalthoum_Badreddine","كلثوم بدرالدين","/2014/uploads/images/Kalthoum_Badreddine.thumb50.png","حركة النهضة","Mouvement_Ennahdha","حركة النهضة","صفاقس 2","نساء","54","محامي","184"
"/2014/elus/Tarek_Barrak","طارق براق","/2014/uploads/images/Tarek_Barrak.thumb50.png","الجبهة الشعبية","Front_Populaire","الجبهة الشعبية","القيروان","رجال","64","متقاعد","111"
"/2014/elus/Zeineb_Brahmi","زينب براهمي","/2014/uploads/images/Zeineb_Brahmi.thumb50.png","حركة النهضة","Mouvement_Ennahdha","حركة النهضة","قفصة","نساء","32","محامي","135"
"/2014/elus/Slim_Besbes","سليم بسباس","/2014/uploads/images/Slim_Besbes.thumb50.png","حركة النهضة","Mouvement_Ennahdha","حركة النهضة","صفاقس 1","رجال","54","أستاذ جامعي","138"
"/2014/elus/Mohamed_Kamel_Besbes","محمد كمال بسباس","/2014/uploads/images/Mohamed Kamel_Besbes.thumb50.png","حركة النهضة","Mouvement_Ennahdha","حركة النهضة","المنستير","رجال","59","إطار سامي بالوظيفة العمومية","233"
"/2014/elus/Bochra_Belhaj_Hamida","بشرى بلحاج حميدة","/2014/uploads/images/Bochra_Belhaj Hamida.thumb50.png","الكتلة الوطنية","Bloc_National","حركة نداء تونس","تونس 2","نساء","62","محامي","71"
"/2014/elus/Moez_Belhaj_Rhouma","معز بلحاج رحومة","/2014/uploads/images/moez belhaj rhouma.thumb50.png","حركة النهضة","Mouvement_Ennahdha","حركة النهضة","نابل 1","رجال","51","","235"
"/2014/elus/Mondher_Belhaj_Ali","المنذر بلحاج علي","/2014/uploads/images/Mondher_Belhaj Ali.thumb50.png","الكتلة الوطنية","Bloc_National","حركة نداء تونس","منوبة","رجال","62","أستاذ جامعي","70"
"/2014/elus/Abdelmoumen_Belanes","عبد المؤمن بلعانس","/2014/uploads/images/belanes abdelmoumen.thumb50.png","الجبهة الشعبية","Front_Populaire","الجبهة الشعبية","المنستير","رجال","61","عامل يومي","112"
"/2014/elus/Haykel_Belgacem","هيكل بلقاسم","/2014/uploads/images/belgacem haykel.thumb50.png","الجبهة الشعبية","Front_Populaire","الجبهة الشعبية","المهدية","رجال","45","معلّم تعليم أساسي","207"
"/2014/elus/Mustapha_Ben_Ahmed","مصطفى بن أحمد","/2014/uploads/images/Mustapha_Ben Ahmed.thumb50.png","الكتلة الوطنية","Bloc_National","حركة نداء تونس","تونس 2","رجال","63","موظف عمومي","256"
"/2014/elus/Hedi_Ben_Braham","الهادي بن ابراهم","/2014/uploads/images/Hedi_Ben Braham.thumb50.png","حركة النهضة","Mouvement_Ennahdha","حركة النهضة","المهدية","رجال","66","أستاذ جامعي","60"
"/2014/elus/El_Khansa_Ben_Harrath","الخنساء بن حراث","/2014/uploads/images/El Khansa_Ben Harrath.thumb50.png","حركة نداء تونس","Mouvement_Nidaa_Tounes","حركة نداء تونس","الكاف","نساء","48","مهندس","38"
"/2014/elus/Rabha_Ben_Hassine","رابحة بن حسين","/2014/uploads/images/Rabha Ben Hassine.thumb50.png","كتلة الحرّة لحركة مشروع تونس","Bloc_Al_Horra_du_Mouvement_Machrouu_Tounes","حركة نداء تونس","المهدية","نساء","49","أستاذ تعليم ثانوي","110"
"/2014/elus/Emna_Ben_Hmayed","آمنة بن حميد","/2014/uploads/images/Emna_Ben Hmayed.thumb50.png","حركة النهضة","Mouvement_Ennahdha","حركة النهضة","بنزرت","نساء","37","أستاذ تعليم ثانوي","95"
"/2014/elus/Ali_Ben_Salem","علي بن سالم","/2014/uploads/images/Ali_Ben Salem.thumb50.png","حركة نداء تونس","Mouvement_Nidaa_Tounes","حركة نداء تونس","بنزرت","رجال","85","متقاعد","191"
"/2014/elus/Mohamed_Ben_Salem","محمد بن سالم","/2014/uploads/images/Mohamed_Ben Salem.thumb50.png","حركة النهضة","Mouvement_Ennahdha","حركة النهضة","زغوان","رجال","64","مهندس","229"
"/2014/elus/Ibrahim_Ben_Said","ابراهيم بن سعيد","/2014/uploads/images/ben said ibrahim.thumb50.png","الكتلة الديمقراطية","Bloc_Démocrate","المؤتمر من أجل الجمهورية","قبلي","رجال","43","أستاذ تعليم ثانوي","215"
"/2014/elus/Mahbouba_Ben_Dhifallah","محبوبة بن ضيف الله","/2014/uploads/images/Mahbouba_Ben Dhifallah.thumb50.png","حركة النهضة","Mouvement_Ennahdha","حركة النهضة","قبلي","نساء","47","إطار سامي بالوظيفة العمومية","189"
"/2014/elus/Khaoula_Ben_Aicha","خولة بن عائشة","/2014/uploads/images/Khaoula_Ben Aicha.thumb50.png","كتلة الحرّة لحركة مشروع تونس","Bloc_Al_Horra_du_Mouvement_Machrouu_Tounes","حركة نداء تونس","فرنسا 1","نساء","29","باحث جامعي","109"
"/2014/elus/Noureddine_Ben_Achour","نور الدين بن عاشور","/2014/uploads/images/ben achour noureddine.thumb50.png","غير المنتمين","Aucun_bloc","الإتحاد الوطني الحر","باجة","رجال","55","فلاح","259"
"/2014/elus/Aroua_Ben_Abbas","أروى بن عباس","/2014/uploads/images/Aroua_Ben Abbas.thumb50.png","حركة النهضة","Mouvement_Ennahdha","حركة النهضة","تونس 2","نساء","54","مهندس معماري","92"
"/2014/elus/Najia_Ben_Abdelhafidh","ناجية بن عبد الحفيظ","/2014/uploads/images/Najia_Ben Abdelhafidh.thumb50.png","الكتلة الوطنية","Bloc_National","حركة نداء تونس","فرنسا 2","نساء","52","أستاذ تعليم ثانوي","246"
"/2014/elus/Bechir_Ben_Amor","البشير بن عمر","/2014/uploads/images/ben amor bechir.thumb50.png","حركة نداء تونس","Mouvement_Nidaa_Tounes","حركة نداء تونس","مدنين","رجال","69","مدير مؤسسة","37"
"/2014/elus/Mohamed_Fadhel_Ben_Omrane","محمد الفاضل بن عمران","/2014/uploads/images/Mohamed Fadhel_Ben Omrane.thumb50.png","حركة نداء تونس","Mouvement_Nidaa_Tounes","حركة نداء تونس","قبلي","رجال","54","محامي","9"
"/2014/elus/Nadhir_Ben_Ammou","النذير بن عمو","/2014/uploads/images/Nadhir_Ben Ammou.thumb50.png","غير المنتمين","Aucun_bloc","حركة النهضة","تونس 1","رجال","57","محامي","59"
"/2014/elus/Sahbi_Ben_Fraj","الصحبي بن فرج","/2014/uploads/images/Sahbi_Ben Fraj.thumb50.png","كتلة الحرّة لحركة مشروع تونس","Bloc_Al_Horra_du_Mouvement_Machrouu_Tounes","حركة نداء تونس","تونس 2","رجال","51","طبيب","40"
"/2014/elus/Ramzi_Ben_Fraj","رمزي بن فرج","/2014/uploads/images/Ramzi_Ben Fraj.thumb50.png","حركة النهضة","Mouvement_Ennahdha","حركة النهضة","القارة الأمريكية وبقية الدول الأوروبية","رجال","49","محامي","134"
"/2014/elus/Faouzia_Ben_Fodha","فوزية بن فضة","/2014/uploads/images/faouzia_bf.thumb50.png","الإتحاد الوطني الحر","Union_Patriotique_Libre","الإتحاد الوطني الحر","منوبة","نساء","54","معلّم تعليم أساسي","294"
"/2014/elus/Imen_Ben_Mhamed","إيمان بن محمد","/2014/uploads/images/Imen_Ben Mhamed.thumb50.png","حركة النهضة","Mouvement_Ennahdha","حركة النهضة","إيطاليا","نساء","32","ممثل جمعياتي","63"
"/2014/elus/Ismail_Ben_Mahmoud","اسماعيل بن محمود","/2014/uploads/images/Ismail_Ben Mahmoud.thumb50.png","حركة نداء تونس","Mouvement_Nidaa_Tounes","حركة نداء تونس","صفاقس 2","رجال","51","موظف بالقطاع الخاص","35"
"/2014/elus/Ibtihej_Ben_Helal","ابتهاج بن هلال","/2014/uploads/images/Ibtihej_Ben Helal.thumb50.png","حركة نداء تونس","Mouvement_Nidaa_Tounes","حركة نداء تونس","بنزرت","نساء","37","موظف عمومي","11"
"/2014/elus/Mohamed_Ben_Souf","محمد بنصوف","/2014/uploads/images/Mohamed_Ben Souf.thumb50.png","حركة نداء تونس","Mouvement_Nidaa_Tounes","حركة نداء تونس","إيطاليا","رجال","41","مساعد إجتماعي","240"
"/2014/elus/Abdelkader_Ben_Dhifallah","عبد القادر بنضيف الله","/2014/uploads/images/ben dhifallah abdelkader.thumb50.png","الإتحاد الوطني الحر","Union_Patriotique_Libre","الإتحاد الوطني الحر","نابل 2","رجال","43","فلاح","158"
"/2014/elus/Ali_Bennour","علي بنور","/2014/uploads/images/Ali_Bennour.thumb50.png","آفاق تونس ونداء التونسيين بالخارج","Afek_Tounes_et_lappel_des_tunisiens_à_létranger","آفاق تونس","المنستير","رجال","63","فنان","116"
"/2014/elus/Asma_Bou_Hana","اسماء بو الهناء","/2014/uploads/images/Asma_Bou Hana.thumb50.png","حركة نداء تونس","Mouvement_Nidaa_Tounes","حركة نداء تونس","قفصة","نساء","39","عدل منفّذ","34"
"/2014/elus/Meriem_Boujbel","مريم بوجبل","/2014/uploads/images/boujbel.thumb50.png","كتلة الحرّة لحركة مشروع تونس","Bloc_Al_Horra_du_Mouvement_Machrouu_Tounes","حركة نداء تونس","نابل 2","نساء","39","موظف بالقطاع الخاص","254"
"/2014/elus/Sameh_Bouhaouel","سماح بوحوال","/2014/uploads/images/Sameh_Bouhaouel.thumb50.png","كتلة الحرّة لحركة مشروع تونس","Bloc_Al_Horra_du_Mouvement_Machrouu_Tounes","حركة نداء تونس","المنستير","نساء","45","محامي","151"
"/2014/elus/Heger_Bouzemmi","هاجر بوزمي","/2014/uploads/images/Heger_Bouzemmi.thumb50.png","حركة النهضة","Mouvement_Ennahdha","حركة النهضة","مدنين","نساء","29","طالب","274"
"/2014/elus/Houssem_Bounenni","حسام بونني","/2014/uploads/images/Houssem_Bounenni.thumb50.png","حركة نداء تونس","Mouvement_Nidaa_Tounes","حركة نداء تونس","نابل 1","رجال","43","موظف بالقطاع الخاص","103"
"/2014/elus/Nozha_Biaoui","نزهة بياوي","/2014/uploads/images/dsc_0108.thumb50.png","آفاق تونس ونداء التونسيين بالخارج","Afek_Tounes_et_lappel_des_tunisiens_à_létranger","الجبهة الوطنية للإنقاذ","سيدي بوزيد","نساء","0","","163"
"/2014/elus/Faycel_Tebini","فيصل تبيني","/2014/uploads/images/tebini faycel.thumb50.png","غير المنتمين","Aucun_bloc","حزب صوت الفلاحين","جندوبة","رجال","51","موظف بالقطاع الخاص","165"
"/2014/elus/Mohamed_Nejib_Torjmane","محمد نجيب ترجمان","/2014/uploads/images/Mohamed Nejib_Torjmane.thumb50.png","كتلة الحرّة لحركة مشروع تونس","Bloc_Al_Horra_du_Mouvement_Machrouu_Tounes","حركة نداء تونس","منوبة","رجال","65","موظف بالقطاع الخاص","252"
"/2014/elus/Houda_Tekaya","هدى تقية","/2014/uploads/images/Houda_Tekaya.thumb50.png","حركة نداء تونس","Mouvement_Nidaa_Tounes","حركة نداء تونس","منوبة","نساء","54","موظف بالقطاع الخاص","280"
"/2014/elus/Ibtissem_Jebabli","ابتسام جبابلي","/2014/uploads/images/Ibtissem_Jebabli.thumb50.png","حركة نداء تونس","Mouvement_Nidaa_Tounes","حركة نداء تونس","تونس 1","نساء","37","محامي","10"
"/2014/elus/Mohamed_Ennaceur_Jbira","محمد الناصر جبيرة","/2014/uploads/images/jbira mohamed ennaceur.thumb50.png","حركة نداء تونس","Mouvement_Nidaa_Tounes","حركة نداء تونس","القيروان","رجال","47","محامي","250"
"/2014/elus/Houcine_Jaziri","الحسين جزيري","/2014/uploads/images/Houcine_Jaziri.thumb50.png","حركة النهضة","Mouvement_Ennahdha","حركة النهضة","فرنسا 1","رجال","49","مدير مؤسسة","31"
"/2014/elus/Riadh_Jaidane","رياض جعيدان","/2014/uploads/images/jaidane riadh.thumb50.png","آفاق تونس ونداء التونسيين بالخارج","Afek_Tounes_et_lappel_des_tunisiens_à_létranger","قائمة نداء التونسيين بالخارج","فرنسا 2","رجال","45","محامي","78"
"/2014/elus/Adnane_Hajji","عدنان حاجي","/2014/uploads/images/hajji adnane.thumb50.png","غير المنتمين","Aucun_bloc","القائمة المستقلة رد الإعتبار","قفصة","رجال","59","معلّم تعليم أساسي","46"
"/2014/elus/Mohamed_El_Hamdi","محمد حامدي","/2014/uploads/images/Mohamed_El Hamdi.thumb50.png","الكتلة الديمقراطية","Bloc_Démocrate","تيار المحبة","سيدي بوزيد","رجال","63","معلّم تعليم أساسي","166"
"/2014/elus/Mongi_Harbaoui","المنجي حرباوي","/2014/uploads/images/Mongi_Harbaoui.thumb50.png","حركة نداء تونس","Mouvement_Nidaa_Tounes","حركة نداء تونس","الكاف","رجال","46","محاسب","67"
"/2014/elus/Mourad_Hamaidi","مراد حمايدي","/2014/uploads/images/hmaidi mourad.thumb50.png","الجبهة الشعبية","Front_Populaire","الجبهة الشعبية","الكاف","رجال","46","محامي","157"
"/2014/elus/Mohamed_Kamel_Hamzaoui","محمد كمال حمزاوي","/2014/uploads/images/Mohamed Kamel_Hamzaoui.thumb50.png","حركة نداء تونس","Mouvement_Nidaa_Tounes","حركة نداء تونس","القصرين","رجال","73","مدير مؤسسة","244"
"/2014/elus/Habib_Khedher","الحبيب خضر","/2014/uploads/images/Habib_Khedher.thumb50.png","حركة النهضة","Mouvement_Ennahdha","حركة النهضة","قابس","رجال","46","محامي","30"
"/2014/elus/Safia_Khalfi","صافية خلفي","/2014/uploads/images/Safia_Khalfi.thumb50.png","حركة النهضة","Mouvement_Ennahdha","حركة النهضة","القصرين","نساء","50","أستاذ تعليم ثانوي","177"
"/2014/elus/Faycel_Khelifa","فيصل خليفة","/2014/uploads/images/Faycel_Khelifa.thumb50.png","حركة نداء تونس","Mouvement_Nidaa_Tounes","حركة نداء تونس","سوسة","رجال","49","إطار سامي بالوظيفة العمومية","193"
"/2014/elus/Mohamed_Ramzi_Khmiss","محمد رمزي خميس","/2014/uploads/images/Mohamed Ramzi_Khmiss.thumb50.png","حركة نداء تونس","Mouvement_Nidaa_Tounes","حركة نداء تونس","زغوان","رجال","48","موظف عمومي","242"
"/2014/elus/Jamila_Debbech","جميلة دبش","/2014/uploads/images/Jamila_Debbech.thumb50.png","حركة النهضة","Mouvement_Ennahdha","حركة النهضة","أريانة","نساء","49","إطار بالوظيفة العمومية","98"
"/2014/elus/Belgacem_Dkhili","بلقاسم دخيلي","/2014/uploads/images/Belgacem_Dkhili.thumb50.png","حركة نداء تونس","Mouvement_Nidaa_Tounes","حركة نداء تونس","جندوبة","رجال","53","إطار سامي بالوظيفة العمومية","100"
"/2014/elus/Ridha_Dellai","رضا دلاعي","/2014/uploads/images/dellai ridha.thumb50.png","الكتلة الديمقراطية","Bloc_Démocrate","حركة الشعب","باجة","رجال","54","أستاذ تعليم ثانوي","265"
"/2014/elus/Sameh_Dammak","سماح دمق","/2014/uploads/images/Sameh_Dammak.thumb50.png","حركة نداء تونس","Mouvement_Nidaa_Tounes","حركة نداء تونس","صفاقس 1","نساء","44","مدير مؤسسة","144"
"/2014/elus/Samir_Dilou","سمير ديلو","/2014/uploads/images/Samir_Dilou.thumb50.png","حركة النهضة","Mouvement_Ennahdha","حركة النهضة","بنزرت","رجال","50","محامي","139"
"/2014/elus/Kamel_Dhaouadi","كمال ذوادي","/2014/uploads/images/Kamel Dhaouadi.thumb50.png","حركة نداء تونس","Mouvement_Nidaa_Tounes","حركة نداء تونس","فرنسا 2","رجال","46","محامي","194"
"/2014/elus/Mohamed_Zrig","محمد زريق","/2014/uploads/images/Mohamed_Zrig.thumb50.png","حركة النهضة","Mouvement_Ennahdha","حركة النهضة","قابس","رجال","60","إطار بالقطاع الخاص","230"
"/2014/elus/Nadia_Zangar","نادية زنڨر","/2014/uploads/images/Nadia_Zangar.thumb50.png","كتلة الحرّة لحركة مشروع تونس","Bloc_Al_Horra_du_Mouvement_Machrouu_Tounes","حركة نداء تونس","نابل 1","نساء","53","طبيب","282"
"/2014/elus/Amira_Zoukari","أميرة زوكاري","","حركة نداء تونس","Mouvement_Nidaa_Tounes","حركة نداء تونس","بن عروس","نساء","0","","65"
"/2014/elus/Najla_Saadaoui","نجلاء سعداوي","/2014/uploads/images/Najla_Saadaoui.thumb50.png","حركة نداء تونس","Mouvement_Nidaa_Tounes","حركة نداء تونس","باجة","نساء","37","محامي","247"
"/2014/elus/Mohamed_Saidane","محمد سعيدان","/2014/uploads/images/Mohamed_Saidane.thumb50.png","حركة نداء تونس","Mouvement_Nidaa_Tounes","حركة نداء تونس","المنستير","رجال","56","مدير مؤسسة","243"
"/2014/elus/Houda_Slim","هدى سليم","/2014/uploads/images/houda slim.thumb50.png","كتلة الحرّة لحركة مشروع تونس","Bloc_Al_Horra_du_Mouvement_Machrouu_Tounes","حركة نداء تونس","تونس 2","نساء","0","","283"
"/2014/elus/Mohamed_Mohsen_Soudani","محمد المحسن سوداني","/2014/uploads/images/Mohamed Mohsen_Soudani.thumb50.png","حركة النهضة","Mouvement_Ennahdha","حركة النهضة","قفصة","رجال","52","أستاذ تعليم ثانوي","228"
"/2014/elus/Amal_Souid","أمل سويد","/2014/uploads/images/Amal_Souid.thumb50.png","حركة النهضة","Mouvement_Ennahdha","حركة النهضة","قابس","نساء","29","طالب","94"
"/2014/elus/Mohamed_Sidhom","محمد سيدهم","/2014/uploads/images/Mohamed_Sidhom.thumb50.png","حركة النهضة","Mouvement_Ennahdha","حركة النهضة","نابل 1","رجال","66","متقاعد","231"
"/2014/elus/Fathi_Chamkhi","فتحي شامخي","/2014/uploads/images/Fathi_Chamkhi.thumb50.png","الجبهة الشعبية","Front_Populaire","الجبهة الشعبية","نابل 2","رجال","62","أستاذ جامعي","155"
"/2014/elus/Ridha_Charfeddine","رضا شرف الدين","/2014/uploads/images/Ridha_Charfeddine.thumb50.png","حركة نداء تونس","Mouvement_Nidaa_Tounes","حركة نداء تونس","سوسة","رجال","65","مدير مؤسسة","106"
"/2014/elus/Abderrazak_Chraiet","عبد الرزاق شريط","/2014/uploads/images/chraiet abderrazak.thumb50.png","غير المنتمين","Aucun_bloc","القائمة المستقلة لمجد الجريد","توزر","رجال","80","مدير مؤسسة","272"
"/2014/elus/Abdennaceur_Chouikh","عبد الناصر شويخ","/2014/uploads/images/Abdennaceur_Chouikh.thumb50.png","غير المنتمين","Aucun_bloc","حركة نداء تونس","تونس 1","رجال","60","إطار سامي بالقطاع الخاص","149"
"/2014/elus/Hedi_Soula","الهادي صولة","/2014/uploads/images/Hedi_Soula.thumb50.png","حركة النهضة","Mouvement_Ennahdha","حركة النهضة","القيروان","رجال","56","إطار سامي بالوظيفة العمومية","61"
"/2014/elus/Sofien_Toubel","سفيان طوبال","/2014/uploads/images/Sofien_Toubel.thumb50.png","حركة نداء تونس","Mouvement_Nidaa_Tounes","حركة نداء تونس","قفصة","رجال","41","أستاذ تعليم ثانوي","143"
"/2014/elus/Nawel_Tayech","نوال طياش","/2014/uploads/images/Nawel_Tayech.thumb50.png","حركة نداء تونس","Mouvement_Nidaa_Tounes","حركة نداء تونس","سوسة","نساء","31","موظف بالقطاع الخاص","248"
"/2014/elus/Mohamed_Abdellaoui","محمد عبد اللاوي","/2014/uploads/images/abdellaoui mohamed_1.thumb50.png","حركة نداء تونس","Mouvement_Nidaa_Tounes","حركة نداء تونس","سيدي بوزيد","رجال","0","","107"
"/2014/elus/Badreddine_Abdelkefi","بدر الدين عبدالكافي","/2014/uploads/images/Badreddine_Abdelkefi.thumb50.png","حركة النهضة","Mouvement_Ennahdha","حركة النهضة","صفاقس 2","رجال","58","أستاذ تعليم ثانوي","6"
"/2014/elus/Abir_Abdelli","عبير عبدلي","/2014/uploads/images/Abir_Abdelli.thumb50.png","حركة نداء تونس","Mouvement_Nidaa_Tounes","حركة نداء تونس","سيدي بوزيد","نساء","40","إطار سامي بالقطاع الخاص","150"
"/2014/elus/Samia_Abbou","سامية عبو","/2014/uploads/images/abbou samia.thumb50.png","الكتلة الديمقراطية","Bloc_Démocrate","التيار الديمقراطي","تونس 1","نساء","52","محامي","212"
"/2014/elus/Ferida_Laabidi","فريدة عبيدي","/2014/uploads/images/Ferida_Laabidi.thumb50.png","حركة النهضة","Mouvement_Ennahdha","حركة النهضة","القيروان","نساء","49","محامي","183"
"/2014/elus/Sahbi_Atig","الصحبي عتيق","/2014/uploads/images/Sahbi_Atig.thumb50.png","حركة النهضة","Mouvement_Ennahdha","حركة النهضة","أريانة","رجال","58","باحث جامعي","57"
"/2014/elus/Wafa_Attia","وفاء عطية","/2014/uploads/images/wafa attia.thumb50.png","حركة النهضة","Mouvement_Ennahdha","حركة النهضة","سوسة","نساء","0","","276"
"/2014/elus/Aymen_Aloui","أيمن علوي","/2014/uploads/images/aloui aymen.thumb50.png","الجبهة الشعبية","Front_Populaire","الجبهة الشعبية","القصرين","رجال","36","موظف بالقطاع الخاص","41"
"/2014/elus/Lotfi_Ali","لطفي علي","/2014/uploads/images/ali lotfi.thumb50.png","حركة نداء تونس","Mouvement_Nidaa_Tounes","حزب المبادرة","قفصة","رجال","52","مدير مؤسسة","18"
"/2014/elus/Ahmed_Ameri","أحمد عماري","/2014/uploads/images/Ahmed_Ameri.thumb50.png","حركة النهضة","Mouvement_Ennahdha","حركة النهضة","مدنين","رجال","65","متقاعد","7"
"/2014/elus/Nizar_Amami","نزار عمامي","/2014/uploads/images/amami nizar.thumb50.png","الجبهة الشعبية","Front_Populaire","الجبهة الشعبية","منوبة","رجال","55","موظف عمومي","206"
"/2014/elus/Hela_Omrane","هالة عمران","/2014/uploads/images/Hela_Omrane.thumb50.png","حركة نداء تونس","Mouvement_Nidaa_Tounes","حركة نداء تونس","المنستير","نساء","37","تقني سامي","279"
"/2014/elus/Ammar_Amroussia","عمار عمروسيه","/2014/uploads/images/amroussia ammar.thumb50.png","الجبهة الشعبية","Front_Populaire","الجبهة الشعبية","قفصة","رجال","57","معلّم تعليم أساسي","113"
"/2014/elus/Hayet_Omri","حياة عمري","/2014/uploads/images/Hayet_Omri.thumb50.png","حركة النهضة","Mouvement_Ennahdha","حركة النهضة","سيدي بوزيد","نساء","35","باحث جامعي","131"
"/2014/elus/Mbarka_Aouania","مباركة عوائنية","/2014/uploads/images/aouania mbarka.thumb50.png","الجبهة الشعبية","Front_Populaire","الجبهة الشعبية","سيدي بوزيد","نساء","50","معلّم تعليم أساسي","156"
"/2014/elus/Jihen_Aouichi","جيهان عويشي","/2014/uploads/images/Jihen_Aouichi.thumb50.png","حركة نداء تونس","Mouvement_Nidaa_Tounes","حركة نداء تونس","جندوبة","نساء","33","محامي","101"
"/2014/elus/Chaker_Ayadi","شاكر عيادي","/2014/uploads/images/Chaker_Ayadi.thumb50.png","حركة نداء تونس","Mouvement_Nidaa_Tounes","حركة نداء تونس","جندوبة","رجال","50","محامي","146"
"/2014/elus/Mohamed_Jalel_Ghedira","محمد جلال غديرة","/2014/uploads/images/Mohamed Jalel_Ghedira.thumb50.png","حركة نداء تونس","Mouvement_Nidaa_Tounes","حركة نداء تونس","المنستير","رجال","59","متقاعد","241"
"/2014/elus/Mohamed_Ghannem","محمد غنام","/2014/uploads/images/Mohamed_Ghannem.thumb50.png","آفاق تونس ونداء التونسيين بالخارج","Afek_Tounes_et_lappel_des_tunisiens_à_létranger","آفاق تونس","فرنسا 1","رجال","62","طبيب","162"
"/2014/elus/Tarek_Fetiti","طارق فتيتي","/2014/uploads/images/fetiti tarek.thumb50.png","الإتحاد الوطني الحر","Union_Patriotique_Libre","الإتحاد الوطني الحر","القيروان","رجال","45","إطار سامي بالوظيفة العمومية","16"
"/2014/elus/Chahida_Fraj","شهيدة فرج","/2014/uploads/images/Chahida_Fraj.thumb50.png","حركة النهضة","Mouvement_Ennahdha","حركة النهضة","المنستير","نساء","57","إطار سامي بالوظيفة العمومية","141"
"/2014/elus/Tahar_Fdhil","الطاهر فضيل","/2014/uploads/images/fdhil tahar.thumb50.png","حركة نداء تونس","Mouvement_Nidaa_Tounes","الإتحاد الوطني الحر","مدنين","رجال","53","محامي","75"
"/2014/elus/Marouan_Felfel","مروان فلفال","/2014/uploads/images/marouan felfel.thumb50.png","كتلة الحرّة لحركة مشروع تونس","Bloc_Al_Horra_du_Mouvement_Machrouu_Tounes","حركة نداء تونس","فرنسا 1","رجال","0","","253"
"/2014/elus/Mahmoud_Kahri","محمود قاهري","/2014/uploads/images/kahri mahmoud.thumb50.png","الإتحاد الوطني الحر","Union_Patriotique_Libre","الإتحاد الوطني الحر","القصرين","رجال","53","موظف عمومي","210"
"/2014/elus/Mohamed_Hedi_Gueddich","محمد الهادي قديش","/2014/uploads/images/Mohamed Hedi_Gueddich.thumb50.png","حركة نداء تونس","Mouvement_Nidaa_Tounes","حركة نداء تونس","صفاقس 1","رجال","69","متقاعد","239"
"/2014/elus/Khemais_Ksila","خميس قسيلة","/2014/uploads/images/Khemais_Ksila.thumb50.png","غير المنتمين","Aucun_bloc","حركة نداء تونس","نابل 2","رجال","61","موظف عمومي","105"
"/2014/elus/Mahmoud_Gouiaa","محمود قويعه","/2014/uploads/images/Mahmoud_Gouiaa.thumb50.png","حركة النهضة","Mouvement_Ennahdha","حركة النهضة","القيروان","رجال","52","أستاذ تعليم ثانوي","234"
"/2014/elus/Mohamed_Amine_Kahloul","محمد الأمين كحلول","/2014/uploads/images/kahloul mohamed amine.thumb50.png","الإتحاد الوطني الحر","Union_Patriotique_Libre","الإتحاد الوطني الحر","قابس","رجال","64","متقاعد","160"
"/2014/elus/Salem_Labiadh","سالم لبيض","/2014/uploads/images/Salem_Labiadh.thumb50.png","الكتلة الديمقراطية","Bloc_Démocrate","حركة الشعب","مدنين","رجال","53","أستاذ جامعي","267"
"/2014/elus/Rim_Mahjoub","ريم محجوب","/2014/uploads/images/rym mahjoub.thumb50.png","آفاق تونس ونداء التونسيين بالخارج","Afek_Tounes_et_lappel_des_tunisiens_à_létranger","آفاق تونس","المهدية","نساء","51","","17"
"/2014/elus/Wafa_Makhlouf","وفاء مخلوف","/2014/uploads/images/Wafa_Makhlouf.thumb50.png","حركة نداء تونس","Mouvement_Nidaa_Tounes","حركة نداء تونس","بن عروس","نساء","42","مدير مؤسسة","281"
"/2014/elus/Sana_Mersni","سناء مرسني","/2014/uploads/images/Sana_Mersni.thumb50.png","حركة النهضة","Mouvement_Ennahdha","حركة النهضة","جندوبة","نساء","32","محامي","140"
"/2014/elus/Ahmed_Mechergui","أحمد مشرڨي","/2014/uploads/images/Ahmed_Mechergui.thumb50.png","حركة النهضة","Mouvement_Ennahdha","حركة النهضة","جندوبة","رجال","48","أستاذ تعليم ثانوي","91"
"/2014/elus/Abdelfattah_Mourou","عبد الفتاح مورو","/2014/uploads/images/Abdelfattah_Mourou.thumb50.png","حركة النهضة","Mouvement_Ennahdha","حركة النهضة","تونس 2","رجال","69","محامي","292"
"/2014/elus/Ikram_Moulahi","إكرام مولاهي","/2014/uploads/images/Ikram_Moulahi.thumb50.png","حركة نداء تونس","Mouvement_Nidaa_Tounes","حركة نداء تونس","القصرين","نساء","33","طالب","36"
"/2014/elus/Brahim_Nacef","ابراهيم ناصف","/2014/uploads/images/Brahim_Nacef.thumb50.png","كتلة الحرّة لحركة مشروع تونس","Bloc_Al_Horra_du_Mouvement_Machrouu_Tounes","حركة نداء تونس","بنزرت","رجال","65","صيدلي","39"
"/2014/elus/Hassouna_Nasfi","حسونه ناصفي","/2014/uploads/images/hassouna.thumb50.png","كتلة الحرّة لحركة مشروع تونس","Bloc_Al_Horra_du_Mouvement_Machrouu_Tounes","حركة نداء تونس","قابس","رجال","45","إطار سامي بالوظيفة العمومية","108"
"/2014/elus/Kamel_Harraghi","كمال هراغي","/2014/uploads/images/harraghi kamel.thumb50.png","الإتحاد الوطني الحر","Union_Patriotique_Libre","الإتحاد الوطني الحر","الكاف","رجال","62","موظف عمومي","159"
"/2014/elus/Taoufik_Ouali","توفيق والي","/2014/uploads/images/taoufik ouali.thumb50.png","كتلة الحرّة لحركة مشروع تونس","Bloc_Al_Horra_du_Mouvement_Machrouu_Tounes","حركة نداء تونس","بنزرت","رجال","0","","72"
"/2014/elus/Dorra_Yaacoubi","درة يعقوبي","/2014/uploads/images/yaacoubi dorra.thumb50.png","الإتحاد الوطني الحر","Union_Patriotique_Libre","الإتحاد الوطني الحر","جندوبة","نساء","34","أستاذ جامعي","114"
"/2014/elus/Lilia_Younes_Ksibi","ليليا يونس كسيبي","/2014/uploads/images/younes ksibi lilia.thumb50.png","آفاق تونس ونداء التونسيين بالخارج","Afek_Tounes_et_lappel_des_tunisiens_à_létranger","آفاق تونس","نابل 1","نساء","0","","117"
